ds,y,yhat,yhat_lower,yhat_upper
2014-01-01,0,82.06992683746572,-10.248189936571157,167.15807303796421
2014-01-02,70,63.04558060633566,-16.6211009026732,145.21769213587032
2014-01-03,59,71.90545142857341,-13.340499365547684,150.29283712458655
2014-01-04,93,120.99933754129883,37.760266502961876,203.98109588051528
2014-01-05,96,73.83805605347598,-9.785053785122605,156.9540561367267
2014-01-06,145,44.51038857439859,-34.25686992693198,127.76185563895457
2014-01-07,179,41.631331313451675,-45.14209418424951,124.71950496575
2014-01-08,321,66.12247154076076,-16.949421915692003,154.43210197137984
2014-01-09,125,51.753932650024886,-36.25097096352856,137.0845123434225
2014-01-10,88,65.58978481317985,-12.210401853461367,146.79392382863747
2014-01-11,188,119.86766942074978,35.24314373691432,202.96361285645636
2014-01-12,121,77.98200356403362,-4.126260969907616,166.2177929684786
2014-01-13,134,53.90346504689745,-28.031995052972256,139.72451251937372
2014-01-14,80,56.12979976917126,-28.74980932444893,140.2329326614036
2014-01-15,82,85.46871767040965,3.649355104450632,171.24231711007315
2014-01-16,94,75.58226521403597,-8.1691333778012,162.73330390774456
2014-01-18,159,151.17330616200104,64.19205865661779,234.02438942384532
2014-01-19,199,112.11525851651247,17.011299322186034,189.36820215889014
2014-01-20,104,90.16689024444499,3.803251377876112,173.86722928985418
2014-01-21,70,93.77668288683196,11.559263806433556,176.11244673056197
2014-01-22,127,123.7189357027313,48.449425312922294,211.27929625263985
2014-01-23,96,113.63874711375229,26.56856456009231,201.31844202099785
2014-01-24,75,130.49996411580102,50.63314678391752,214.30394681708566
2014-01-25,198,186.4667984096024,107.93963713480501,266.0110659252181
2014-01-26,168,144.88843844056464,54.12820848796682,230.79463811224545
2014-01-27,125,119.71933375826184,33.94876825505235,203.67906549002896
2014-01-28,86,119.4701828021395,35.778792267745324,197.87211461282146
2014-01-29,222,144.99039293518547,55.55525494563745,220.3690978339588
2014-01-30,272,130.01141646584853,50.826723834822026,213.4689034432624
2014-01-31,209,141.59283636030756,55.67327222443993,219.39258498587466
2014-02-01,369,192.0019420712752,105.86542055414628,278.98885653859963
2014-02-02,217,144.69616947904598,60.61885102552373,224.15112766496836
2014-02-03,97,113.7411281738828,31.279158142351594,199.17277726765371
2014-02-04,117,107.75929538394084,25.752733520278092,195.27023291270066
2014-02-05,100,127.71019325320293,44.906942652118204,209.6350067036676
2014-02-06,64,107.43150043628808,26.477290910229733,190.93416150387432
2014-02-07,35,114.08301691386771,26.786508947682435,194.8758641665007
2014-02-08,54,160.02426485286958,71.06147043742611,242.28612081546044
2014-02-09,55,108.79513823782655,24.694373791047337,191.63756432631914
2014-02-12,8,83.95285101899101,-1.4841338506244566,172.30649991693983
2014-02-13,43,62.50829133863374,-22.132545149831074,143.88441720689423
2014-02-14,107,68.75827381317009,-14.324022412635909,153.01234899796228
2014-02-15,116,115.0625349452074,31.60013396255339,199.93352450687453
2014-02-16,87,64.94624673922257,-16.149898441531345,147.5994222263268
2014-02-17,66,32.51692630141587,-53.82194762350636,118.06016077303771
2014-02-18,44,26.4125463888468,-63.379194065663235,108.81823966553196
2014-02-19,33,47.581669006515895,-42.21990157188848,128.37583741204412
2014-02-20,13,29.825047100943102,-58.80955505071929,115.19559588875934
2014-02-21,53,40.24059673558907,-46.349223645228406,124.34627928326404
2014-02-22,72,91.10249582449778,7.086964557101204,175.0975889944768
2014-02-23,50,45.84378589414202,-32.88131160083221,130.55178124674183
2014-02-24,15,18.475189685668838,-64.99454104130115,103.32803088834136
2014-02-25,12,17.535200574399624,-72.41361450457484,106.29278450250753
2014-02-26,71,43.87222562234827,-40.920331541386396,121.41835743819207
2014-02-27,37,31.188186964056158,-51.40383228470125,112.99641564443671
2014-02-28,83,46.485444294859974,-35.22817316080903,127.82871987924874
2014-03-01,94,101.94775640420536,20.062582277178773,179.382399221953
2014-03-02,59,60.92462229799307,-21.704327523599147,149.66520460804685
2014-03-03,49,37.351681655385164,-44.66816046825821,122.21320583643958
2014-03-05,65,68.7704017664162,-20.061475415816826,148.91194560673773
2014-03-06,55,58.216013816331845,-28.328707422572563,142.35271089036692
2014-03-07,77,75.01190065577583,-13.431133566362062,163.6414652228422
2014-03-08,122,131.3254630526297,48.94252735725429,212.78817604930296
2014-03-09,83,90.50315520306648,6.153527140034286,174.68432629451786
2014-03-10,75,66.49079239028632,-16.98215242970543,157.3811110919101
2014-03-11,48,67.78468069447706,-17.005855489935854,147.99918218487625
2014-03-12,45,95.21433430103548,6.88779373570914,177.21328613791547
2014-03-13,78,82.48617810357395,-1.4640952769909192,164.97463971643361
2014-03-14,122,96.63010068946,17.2072768900467,173.7273309128593
2014-03-16,116,105.65479267003464,20.718417258755085,189.6471308692538
2014-03-17,48,77.98126537209056,-6.416375520948437,166.1856775509652
2014-03-18,29,75.43938151671368,-3.6106643622111285,161.89036417567314
2014-03-19,91,98.94529278090505,16.371212875585147,182.95230309042935
2014-03-20,59,82.2928190011028,-2.412326830884337,168.01703117770708
2014-03-21,68,92.59818768381174,5.340011203679646,170.93560684254197
2014-03-22,137,142.17838591106462,56.46801476651608,229.1937406363186
2014-03-23,56,94.53252099665681,-0.21215044000848804,174.27231623842042
2014-03-24,13,63.75893244716709,-21.441668135831875,151.62997040368992
2014-03-25,45,58.50315014049209,-25.096697219992546,146.18772660686847
2014-03-26,25,79.73752782287153,-6.230440602273663,164.7714579856788
2014-03-27,25,61.30201125467431,-30.478329405186074,147.50573036527214
2014-03-28,174,70.34796460517657,-9.009752589583506,151.4854667204793
2014-03-29,138,119.21583882128482,36.69664057457998,204.87932159525965
2014-03-30,64,71.4160918858791,-14.489201059584625,153.52535362509468
2014-03-31,77,41.04611226931929,-44.32398846537595,121.10253233717063
2014-04-01,62,36.73824424100771,-44.19135301386981,117.43897177025195
2014-04-02,119,59.43974279722197,-25.319565041129845,139.68424321143962
2014-04-03,89,42.954111104789746,-47.430184599486964,126.65312756901325
2014-04-04,133,54.385732638814375,-28.453519438213533,138.1164190901447
2014-04-05,180,106.0185655183267,18.56549300834099,186.0635730626943
2014-04-06,121,61.29828823692519,-24.397679789730763,146.9560110286647
2014-04-07,72,34.25062332665056,-49.79071276787115,119.05533482224082
2014-04-08,91,33.43090870314609,-50.420950967715896,113.94462345605199
2014-04-09,53,59.70571366586409,-21.83824376135451,148.32379705838252
2014-04-10,47,46.79591749425543,-42.87909125892212,133.7243043288873
2014-04-11,42,61.72312727696508,-23.79442904775462,140.83118863913515
2014-04-12,124,116.69016531050332,38.354380821282284,204.77529924155994
2014-04-13,97,75.06497780159575,-10.8077589946474,156.28097830579222
2014-04-14,119,50.800654247107644,-29.592318629386824,131.55353262962626
2014-04-15,34,52.38659172311936,-28.82263456611602,134.76190443852008
2014-04-16,18,80.63156618397883,-6.485018555385963,164.11332321850693
2014-04-17,24,69.20809813610899,-19.59335566981656,150.6458300229101
2014-04-18,57,85.09996079132978,-0.9556363778320287,172.42754375365007
2014-04-19,61,140.48353693097317,57.32722386992466,222.09306988664957
2014-04-20,30,98.71235649222665,19.739087910086774,183.75322585110288
2014-04-21,96,73.73748946571098,-11.178076258718288,157.66547277572855
2014-04-22,0,74.05881884514525,-6.500321201028064,151.44453850176595
2014-04-23,37,100.50795179984652,20.883825483614267,187.29746867851009
2014-04-24,30,86.79215820256408,-1.8594845391565258,160.998134177811
2014-04-25,38,99.94119211632743,16.27936360379232,183.9125477422301
2014-04-26,88,152.1877155949948,65.11100811977546,234.86908655108277
2014-04-27,64,106.95067534564963,20.672265590174497,190.201730185099
2014-04-28,13,78.25433044185525,-1.6067507637324185,162.90377431744503
2014-04-29,20,74.67798404642949,-8.855842880527785,157.71597247894974
2014-04-30,31,97.13720957560508,14.624459373462807,181.13054142808252
2014-05-01,129,79.42599609489258,-4.38339668909244,162.09207428296773
2014-05-02,94,88.66170684705376,8.228098959586784,176.89152423119438
2014-05-03,129,137.16361040210808,49.97838554536073,226.98459612705034
2014-05-04,126,88.43437607951428,3.75328411800311,166.33261403312403
2014-05-05,70,56.57727300195553,-25.88360921132111,145.66959136745552
2014-05-06,48,50.244166073447715,-32.35377439873441,131.7639514918331
2014-05-07,123,70.41513842755349,-11.947727795819695,160.29486192584622
2014-05-08,87,50.939198448148574,-31.271957978636717,133.16430219833023
2014-05-09,65,58.97800307102185,-25.500862060498626,140.9133158465175
2014-05-10,102,106.88337985065567,23.053131372787504,192.51986477921503
2014-05-11,78,58.1780654918711,-27.78642646533256,140.1171592585053
2014-05-12,49,26.972417619666828,-61.170188996616695,105.8358746794123
2014-05-13,0,21.91220509512459,-63.77884606783761,108.88458723811894
2014-05-14,68,43.95831167925345,-36.23888543566304,129.242307628697
2014-05-15,102,26.927813147388896,-59.344805323615404,115.19801666342723
2014-05-16,88,37.93834715866347,-43.709633408533264,122.55246877082736
2014-05-17,170,89.28655020006629,5.148396793206562,177.0851322413132
2014-05-18,152,44.42995710774666,-38.55686931531728,123.48832623605016
2014-05-19,90,17.40509522489809,-66.13609921228434,101.29040582777544
2014-05-20,101,16.776848120490484,-68.61920210074413,102.61165835018545
2014-05-21,71,43.41988880356363,-43.00571058587347,125.07511718888867
2014-05-22,48,31.06160396555719,-50.54083168501506,116.68931663482918
2014-05-23,40,46.728387154778574,-36.76268601989937,132.01597818670356
2014-05-24,93,102.62603192074293,15.286716013063725,185.78112462006007
2014-05-25,45,62.123576258090374,-24.450406516547446,146.75672537211054
2014-05-26,58,39.17328638113835,-46.70704192017811,117.3569076136845
2014-05-27,53,42.261811902258245,-41.32641018991068,119.80283945662174
2014-05-28,42,72.19327167664858,-9.00837769652183,154.9526388473124
2014-05-29,52,62.63365433517621,-26.17370809858669,148.49591051465873
2014-05-30,29,80.55837794624911,-2.979752960460718,162.08373917846313
2014-05-31,91,138.1337112411342,58.25011731328535,222.60220358420432
2014-06-01,75,98.70138468097953,20.054894248464105,183.59341026713176
2014-06-02,75,76.19906247296424,-8.77580192495881,167.45478419494592
2014-06-03,179,79.11169721240653,-5.312297626506815,160.62896843162295
2014-06-04,252,108.25452283404125,25.109751622102614,188.57611698264571
2014-06-05,202,97.31707321460706,9.712410660723748,184.49208252093092
2014-06-06,161,113.31044298770189,28.595967017788443,193.47409975806454
2014-06-07,331,168.44669996819624,87.43612630784405,251.6672893378306
2014-06-08,271,126.12342004549348,45.74659873546181,209.1478362641407
2014-06-09,146,100.34242467752327,11.579985099173358,186.88563500248512
2014-06-10,2,99.65958606599307,13.341462354908044,187.1284419068131
2014-06-11,2,124.9661314879161,40.198153655976135,206.6426273325567
2014-06-12,0,110.03087510518932,24.820140727175147,191.54561654681967
2014-06-13,0,121.94527506656796,32.12095857561187,202.0337773601256
2014-06-14,0,173.0020794783108,84.90939826357156,259.01762505884363
2014-06-15,13,126.67695694991328,50.35986997592643,213.4878528584126
2014-06-16,30,97.04585488581378,19.299951443807622,181.7054602057328
2014-06-17,34,92.73318213871713,7.360913775489368,170.53117586556326
2014-06-18,8,114.69164768244536,34.835020746455015,199.6140938437784
2014-06-19,67,96.7432177908954,10.197102885039977,182.50207696652046
2014-06-20,41,106.02311879572322,22.79656753790383,194.96038318690643
2014-06-21,89,154.85767263327358,72.42243184077849,235.65292001641458
2014-06-22,49,106.74537832001934,23.38854532188956,189.38967689645918
2014-06-23,62,75.77399333260351,1.496037160563728,161.62924179642053
2014-06-24,81,70.56871543436596,-16.500521219332047,155.15463191479313
2014-06-25,42,92.07229357520455,6.868193261316016,177.3661587453355
2014-06-26,63,74.08652046140557,-9.642670281589057,150.43595885104196
2014-06-27,107,83.71701738834204,0.7597848792098427,164.8096045893444
2014-06-28,83,133.25207593410371,50.20357370457069,220.54144132138103
2014-06-29,102,86.14494148625157,5.10329631012662,177.90681924378794
2014-06-30,62,56.4322596213339,-24.21885470049539,138.01438352028015
2014-07-01,29,52.683748982575835,-32.024189141336464,142.84469351442243
2014-07-02,63,75.78388942225683,-5.748704386614378,163.1689350593754
2014-07-03,97,59.47503621500734,-26.596682877023515,138.51719196539872
2014-07-04,136,70.80382831687393,-14.021788881701294,162.06497124314427
2014-07-05,335,122.00161291735859,37.5215517246843,204.9375006686941
2014-07-06,299,76.50795573003681,-7.341270507683508,162.42361367455834
2014-07-07,5,48.27129233558871,-33.236274861802386,134.80865497275897
2014-07-08,2,45.81900349447956,-34.83965518262501,128.82036937335826
2014-07-09,9,70.00041810475548,-18.319296988971924,159.090935610302
2014-07-10,9,54.53075618671289,-28.929098789052755,138.20337235749494
2014-07-11,0,66.4381346237066,-11.21331591290556,136.99417007215655
2014-07-12,0,117.94434438131447,33.46664961130647,199.9956861259323
2014-07-13,0,72.44873631323377,-10.462113063530325,150.09026892224142
2014-07-14,0,43.94789790707382,-43.060269309087715,133.0538329841487
2014-07-15,0,40.98615615423715,-51.36490039357665,127.91686168715228
2014-07-16,0,64.43767771935956,-19.463981290380854,153.97263823631016
2014-07-17,0,48.049570935321555,-33.33185603058345,133.37098828832507
2014-07-18,0,58.88786271131086,-25.24653252245113,142.2444978842181
2014-07-19,0,109.21708893196222,29.737435046718172,191.1169262472871
2014-07-20,0,62.48286939487461,-21.90850019393211,153.21004326362075
2014-07-21,0,32.73018675693469,-53.52227380705894,115.08164103816725
2014-07-22,2,28.552443922224832,-61.49554067209565,106.85771899491417
2014-07-23,0,50.87211138022788,-36.2491836368207,134.73989055019405
2014-07-24,0,33.48240931993502,-48.64325637177677,119.08083501408471
2014-07-25,15,43.49193678967515,-43.219292670055694,124.207939497381
2014-07-26,9,93.20302346989227,11.70567861456214,173.14113071753067
2014-07-27,13,46.093208913124116,-37.33183950635404,129.71534758091943
2014-07-28,15,16.232598415791323,-67.35447612062379,97.60079414350031
2014-07-29,26,12.232194751342561,-69.79594938794449,96.2056263729772
2014-07-30,16,35.02403649719865,-43.239894084288004,113.42696427036731
2014-07-31,51,18.40260092439383,-63.975551002370274,97.0487312872396
2014-08-01,47,29.469390435810396,-48.903797144067546,115.29725399328194
2014-08-02,56,80.51147824603574,-4.163687793932106,164.6124316266429
2014-08-03,45,34.98341170224987,-50.15724101881633,120.66356714441922
2014-08-04,40,6.9986189240457435,-78.1034828422888,88.79969389401981
2014-08-05,17,5.058352370990967,-79.31390037741632,94.59834135351295
2014-08-06,103,30.05306928258917,-54.48042485135037,122.42628221977222
2014-08-07,72,15.73158429751011,-66.68575262823813,97.93651450386034
2014-08-08,56,29.14692691950563,-59.07077100216782,116.33202308269614
2014-08-09,0,82.53623403580963,-2.296506390476503,162.90447011536773
2014-08-10,1,39.30403772205892,-48.73030600923929,122.37640570830332
2014-08-11,0,13.441645534075072,-76.74710581719705,86.68429543076661
2014-08-12,0,13.477654667294757,-70.97126049317671,96.56421960607659
2014-08-13,0,40.26036861320257,-42.19204360208921,118.06301053220513
2014-08-14,0,27.50150966533233,-58.0911525123612,116.06276262853588
2014-08-15,0,42.22308094439575,-43.87878060753736,130.09382746068215
2014-08-16,0,96.63808944394614,13.049335784040913,181.47205746030477
2014-08-17,0,54.13446723357547,-32.395293092291325,135.0383668719606
2014-08-18,0,28.694870518896387,-60.76300713747211,108.72258741411508
2014-08-19,0,28.84738653682689,-53.771893516985905,120.2361551218228
2014-08-20,68,55.44791192295649,-33.29026627160879,143.5480684815816
2014-08-21,169,42.22359746581307,-41.52970318868241,124.04678507441129
2014-08-22,213,56.219220988087656,-24.218104323605473,139.19331285191095
2014-08-23,338,109.67721421679545,23.530893113135175,188.7760234422611
2014-08-24,129,66.02070101485134,-18.65209397182121,155.36526646133862
2014-08-26,13,38.00341726914837,-41.33507919126331,115.05061203283941
2014-08-27,85,63.11582998111776,-14.455894756391096,151.2426210946633
2014-08-28,0,48.383320352450895,-41.246374565950795,133.83831987135872
2014-08-29,0,60.89693228450269,-24.546087591445943,146.99896536737432
2014-08-30,0,112.9436123511168,31.496817121972292,199.07331840751274
2014-08-31,0,67.9879655828814,-18.644002733851696,153.17746590307704
2014-09-01,0,40.08982062782421,-43.768057805506004,127.80903916419874
2014-09-02,0,37.85269891493449,-44.292624593010494,125.17106512994927
2014-09-03,0,62.20401624729196,-25.8742065286694,141.35269118581368
2014-09-04,0,46.94880614255849,-31.35772223935413,133.02389171222882
2014-09-05,0,59.17722972671308,-26.819866837113505,136.3745013444303
2014-09-06,0,111.1799654795436,24.65554506969141,191.56568124599528
2014-09-07,0,66.41757075064689,-11.448680844492706,145.14055753715417
2014-09-08,64,38.938216271289605,-42.81222473012057,130.9045125773891
2014-09-09,154,37.326552606275555,-40.49774388965845,120.45172949875203
2014-09-10,143,62.484525994463596,-18.208704506230625,142.83959155042064
2014-09-11,96,48.17358427211549,-32.77102767483776,135.63830667991905
2014-09-12,140,61.46017103265709,-22.948255004663487,146.53260105896624
2014-09-13,67,114.59525984151063,31.476930779089823,195.65357815927754
2014-09-14,3,70.99730060362072,-9.890138786639051,159.39068823614508
2014-09-15,71,44.67128636206537,-38.318676577519746,132.9969362806141
2014-09-16,58,44.15899182801892,-40.46289595343797,126.99392042750097
2014-09-17,62,70.32116071843569,-10.210032033506353,156.11996707395232
2014-09-18,62,56.88104192807139,-27.54909452589914,139.0874090253474
2014-09-19,62,70.87113289972272,-15.512439433472347,154.56900668566695
2014-09-20,168,124.51384422744346,41.66436257974899,209.14453232277893
2014-09-21,99,81.2054229186857,-3.7891781341230177,161.49052675009577
2014-09-22,39,54.935812031343524,-29.948333093025493,138.92226012729373
2014-09-23,64,54.239472456514676,-29.676995574518397,135.87645289108323
2014-09-24,117,79.97792417673354,-4.6943109382854065,152.26659525395854
2014-09-25,104,65.88339369800916,-21.53541128795868,153.7825102785291
2014-09-26,108,79.00541952717838,-3.8471814064352317,163.54354019502483
2014-09-27,234,131.59113034505737,44.7751057524795,211.14305507312653
2014-09-28,97,87.06854105954594,-4.2893576190649965,163.84475081548968
2014-09-29,85,59.46555922793528,-24.305081641421452,144.43125838549574
2014-09-30,88,57.35974905182751,-20.03762145190203,145.0634338515683
2014-10-01,190,81.65963784698161,0.1347833703970988,162.67241213324058
2014-10-02,163,66.14698468316263,-21.766092287981518,143.31608345915728
2014-10-03,90,77.92190063068942,-2.7285057114851528,163.7145940888281
2014-10-04,105,129.29112105784688,40.70339021318816,212.75260190822064
2014-10-05,47,83.72109542560068,4.004243678162196,165.2843351421374
2014-10-06,66,55.284078589576104,-24.46638547753746,136.66481099235634
2014-10-07,84,52.59686905699828,-29.360053632650818,142.29646160432316
2014-10-08,80,76.60074613146115,-8.150432686175623,161.00495433105448
2014-10-09,97,61.10252223993512,-21.447553821129617,141.3387901852561
2014-10-10,64,73.2186375470624,-3.963757719189398,156.34106424712112
2014-10-11,128,125.25308561296016,40.49771568889748,201.90282646967975
2014-10-12,85,80.67858619411561,-6.119754363501494,161.2695118044943
2014-10-13,50,53.55376338237381,-28.74193393252254,141.37889115235723
2014-10-14,91,52.47143490099472,-26.52709859127945,134.6423882400144
2014-10-15,93,78.33884726307369,-7.7200252258161,167.0723927198267
2014-10-16,50,64.91931598807717,-22.628166689072355,151.33045565447188
2014-10-17,85,79.27718828045116,-7.43887034486891,164.94054168099873
2014-10-18,129,133.6568994548186,49.63882364461343,209.52783254072997
2014-10-19,119,91.4655143191791,10.161544774122937,178.2823606350869
2014-10-20,45,66.69147998896538,-16.091381397436624,154.90829808351157
2014-10-21,78,67.85465814025513,-16.62252081012904,147.30680438602923
2014-10-22,90,95.78842844141673,6.189415604228453,179.83537565458354
2014-10-23,78,84.18327531849181,-1.3155830460274132,162.94209982957184
2014-10-24,62,100.03372552750525,22.647979240789503,189.16057348593404
2014-10-25,97,155.5193562906008,75.83993526689086,238.37098267541288
2014-10-26,111,113.98921341730127,33.28853900169269,195.99826286241898
2014-10-27,55,89.38231519094586,3.300148269903246,174.52951063385987
2014-10-28,60,90.17926178000089,8.7123201182437,175.43273483626683
2014-10-29,61,117.18569740040148,36.26259416592048,201.75595185916063
2014-10-30,81,104.07699781417293,21.007674992488184,186.16337253764345
2014-10-31,131,117.84601710350154,35.55610591707011,201.62821447469204
2014-11-01,160,170.68458691763897,83.67203239240776,250.20206295645755
2014-11-02,131,125.96808880885658,41.69978844286938,204.60632179260017
2014-11-03,43,97.70296701997333,12.463367304497927,176.9835217403105
2014-11-04,34,94.39618934009357,12.351037189232306,178.59357177448274
2014-11-05,33,116.91943100415173,33.4977422763229,198.46516169209738
2014-11-06,37,99.02534931378685,19.004783221412282,186.0007827639872
2014-11-07,82,107.79381751963291,18.904800228381905,192.25293820895615
2014-11-08,542,155.51164126278678,71.02741136523032,233.247293925346
2014-11-09,239,105.65511755276728,18.6662955066633,185.78133595615714
2014-11-10,51,72.30814720339141,-11.085935661546475,152.79209054905243
2014-11-11,51,64.11096950997332,-18.701336874186296,150.30601402969856
2014-11-12,41,82.0403282020824,3.2233730287194184,170.07230549410977
2014-11-13,1,59.950514443655,-24.792189672655844,145.82085361851986
2014-11-14,0,65.0172036622496,-7.988511202650606,146.04885513241453
2014-11-15,1,109.61486993058145,25.916777470436752,191.81009015331526
2014-11-16,0,57.29719453825678,-29.854806916321387,138.87812859870533
2014-11-17,0,22.21323322782856,-62.69421592874804,106.56973125009195
2014-11-18,7,13.054459965956568,-69.2651740184557,104.14542161355291
2014-11-19,1,30.83353967365038,-50.158387593720164,117.68198152198501
2014-11-20,4,9.42431226345547,-70.47108383325582,99.33614593527145
2014-11-21,1,16.00493358621825,-64.92171552099343,108.21056620838826
2014-11-22,1,62.93497732807024,-19.889935526136327,148.78571230032847
2014-11-23,2,13.735925752359115,-68.21621896939526,99.57137987016219
2014-11-24,0,-17.492184359668535,-107.02128884180235,62.90444010138877
2014-11-25,0,-22.12285029444385,-110.52241990500175,65.97383310596304
2014-11-26,0,0.7769089772848972,-78.54840442614761,84.95879847028979
2014-11-27,0,-15.01187740097069,-96.640726216636,69.23141747682996
2014-11-28,0,-2.415093627097839,-88.04403330081688,78.51942370730063
2014-11-29,0,50.813732229029064,-33.756559275827414,134.37042600284806
2014-11-30,0,8.07630806120455,-80.14336490513018,94.20260073238484
2014-12-01,0,-16.651219634603486,-101.49528487807953,62.59897347581203
2014-12-02,0,-14.867688126209089,-99.94083835376388,73.57876576068672
2014-12-03,0,14.281235869800817,-66.12973466491499,95.08751459212465
2014-12-04,0,4.411046006569769,-78.8732726432965,94.41365177836585
2014-12-05,0,22.482341662287297,-62.058627326515065,102.1886664796405
2014-12-06,0,80.63715973550228,-7.066927316219482,167.64276600104697
2014-12-07,0,42.18415029400332,-45.13488159418388,126.6889034878366
2014-12-08,0,21.01982842472046,-60.25854156689039,108.1283183148035
2014-12-09,0,25.580907134863224,-59.31767538400259,114.25260844284963
2014-12-10,0,56.62844535955454,-24.86642209416645,148.06693530165785
2014-12-11,0,47.793172482364106,-38.59633440453063,135.33977300100224
2014-12-12,0,66.02381429414088,-23.851772782838246,143.91870400182015
2014-12-13,0,123.46910684345607,38.65397916911696,198.42054964434274
2014-12-14,0,83.46281434760783,-2.393466132558835,163.8088454216231
2014-12-15,0,59.94441426850442,-20.596657476928616,142.11248603073338
2014-12-16,49,61.410467485483466,-25.609008828606427,146.05360403176346
2014-12-17,157,88.6974297832552,0.8707711345890645,173.73046549197477
2014-12-18,193,75.52529674700216,-11.052116639664575,161.81678036233768
2014-12-19,94,88.94394546607346,10.852527672437937,175.78748148764382
2014-12-20,135,141.21290482682718,63.54626513261994,228.92824944936862
2014-12-21,118,95.78392166946384,16.091202188608143,177.66347538560345
2014-12-22,18,66.71904158485587,-16.87283227143592,152.59553717808762
2014-12-23,0,62.63928120362351,-17.203276153736514,153.64629059566929
2014-12-24,14,84.50470899186982,-1.1892017508650794,164.12035915425128
2014-12-25,0,66.15538790766296,-14.515559702382568,148.03036201361866
2014-12-26,20,74.75510362054146,-5.042186835617909,156.6691198406111
2014-12-27,42,122.6686680538719,45.84080801497639,210.49454960299917
2014-12-28,45,73.44221984956421,-12.840684709317223,154.59792579674314
2014-12-29,55,41.21928999486795,-42.22236021684573,124.17824291250149
2014-12-30,59,34.6877529649438,-50.36983131070627,113.64008562999885
2014-12-31,11,54.858516990929544,-27.83084790931915,137.2711911622732
2015-01-01,0,35.605435715220565,-51.29512962669309,118.68876284262218
2015-01-02,77,44.133654332902225,-40.25735645075475,128.92808100525056
2015-01-03,60,92.78084810865636,11.514238310030692,176.1265437779212
2015-01-04,1,45.07346560834583,-41.18928929277317,124.01926109104708
2015-01-05,69,15.118051469769924,-66.4596520275565,97.19184866452213
2015-01-06,98,11.549098488332497,-69.27952644606032,99.0129121882466
2015-01-07,119,35.308991237844154,-45.5797370812729,125.61298442459064
2015-01-08,93,20.189493226003997,-62.87616182125193,104.68736970681844
2015-01-09,92,33.276684795934486,-50.30583687022728,118.6519953616901
2015-01-10,112,86.83011039382959,2.6278767674072983,171.99997021096118
2015-01-11,96,44.26551187892182,-38.946372922138586,130.18512653446706
2015-01-12,93,19.573858528589902,-65.58955040779546,106.09663318318462
2015-01-13,65,21.271725275385542,-61.07234311097985,104.067637862588
2015-01-14,100,50.18379438883292,-29.446886026979648,130.69396540985355
2015-01-15,51,39.98687672800884,-47.66130693558636,122.35739191128462
2015-01-16,55,57.657305041882054,-24.263972388794134,143.94298516862764
2015-01-17,71,115.35240554235583,29.504981430301314,194.10092280399857
2015-01-18,57,76.39537548382863,-6.062704138878491,160.50544337983845
2015-01-19,34,54.696232957579525,-31.51914090859789,136.7694473616522
2015-01-20,47,58.703851397476924,-25.609257682953906,144.15716357906692
2015-01-21,88,89.18982115102109,8.49866003678102,171.3058243605841
2015-01-22,51,79.79350820530361,-1.3374040584504652,170.443428571282
2015-01-23,49,97.47014378782634,11.95817698933563,180.79771751490404
2015-01-24,110,154.3726398979876,67.4942906553175,238.47321936858458
2015-01-25,30,113.83645504434236,31.622956176714776,196.21684507733468
2015-01-26,59,89.80018061337688,8.600818690068962,176.7327227483658
2015-01-27,97,90.75687203820665,6.906871058553202,176.21144496238355
2015-01-28,155,117.5368858908852,32.81891151469869,199.2239171428625
2015-01-29,125,103.8516183322562,22.03604999293542,189.7036073683818
2015-01-30,100,116.74000991041845,38.83330887429143,200.7142406676711
2015-01-31,211,168.448548198766,84.95980190999776,259.1762007495407
2015-02-01,88,122.41414344368327,39.76754461864346,206.89094611190833
2015-02-02,114,92.68254097073806,6.577636761290296,175.96274725915688
2015-02-03,89,87.85744254993581,-0.58851819859545,168.1838803283623
2015-02-04,118,108.88104411953715,19.225192655067698,186.02073314651747
2015-02-05,84,89.57548423175638,9.719109564522974,173.5289272967036
2015-02-06,125,97.08710551723415,7.368718704541868,179.26395287667822
2015-02-07,184,143.76430644333652,59.91141838054935,236.29453212665032
2015-02-08,107,93.1383915676217,12.942423394381105,178.0836055465696
2015-02-09,70,59.34017454528366,-18.98503341911107,147.29709838428184
2015-02-10,66,51.04744005970703,-36.64250316849244,129.868824356306
2015-02-11,89,69.26410427203317,-13.45865788966188,152.50510281330543
2015-02-12,50,47.860542607167346,-41.45079187687485,129.4895208180934
2015-02-13,20,54.01701671646611,-31.442811446194934,133.91178189133325
2015-02-14,77,100.10099114773594,13.90556158376613,184.99896879584935
2015-02-15,33,49.64775488868108,-36.382286295907605,132.8576284461516
2015-02-16,47,16.777102681182036,-68.4720339594311,95.47614554158825
2015-02-17,35,10.141176690099357,-76.65726133869364,97.44326178353579
2015-02-18,60,30.704296534640626,-52.03978501945355,114.13735424137163
2015-02-19,31,12.284229248431217,-67.91333807565343,94.3187126517203
2015-02-20,35,21.996808530626986,-63.349122091468075,107.37965699941088
2015-02-21,80,72.13466666978796,-6.355565987173783,152.75617054079024
2015-02-22,42,26.14946308229606,-60.63627482856054,101.41427559065482
2015-02-23,23,-1.9296702258187963,-86.65514671365604,79.10935989186012
2015-02-24,19,-3.5464029186999255,-91.34785901555847,78.97710926882856
2015-02-25,18,22.164588611966238,-62.822363406613455,108.21429859778185
2015-02-26,37,8.920896808882055,-78.78349755831421,89.49867583495798
2015-02-27,50,23.73900809043652,-61.36501501081141,102.86944358269834
2015-02-28,127,78.8150010763633,-11.722821004682634,158.2504891892648
2015-03-01,123,37.50866327171586,-45.032730355071244,115.71859485237431
2015-03-02,44,13.763709970103498,-65.66608410220873,95.13376126639629
2015-03-03,22,16.059148694031443,-64.39943181984701,97.49668326603832
2015-03-04,31,45.192478583197335,-32.73556222063707,130.9782406166155
2015-03-05,22,34.8242474746153,-45.21437111840316,113.14041667481857
2015-03-06,40,51.92567531368728,-27.989978340500002,135.4653899607489
2015-03-07,62,108.66011874835282,24.970868504788424,188.60014590317346
2015-03-08,59,68.36769581532194,-20.507566763508052,155.49148938323913
2015-03-09,28,44.985746961094534,-38.49208799552751,131.81605726340868
2015-03-10,68,47.00015965076798,-37.450492529820664,130.25563676831993
2015-03-11,73,75.22831792441858,-7.434354093125764,160.1285896958932
2015-03-12,87,63.363069744504266,-27.231406255343497,147.23907542350426
2015-03-13,175,78.41957175959988,-2.5667886487116345,161.92879394132063
2015-03-14,300,132.61573498419224,49.75790655667684,218.94999061486504
2015-03-15,196,89.35562599558774,7.65980125186839,168.53497092484002
2015-03-16,123,62.64852561461479,-29.54881833227947,144.5524253906242
2015-03-17,168,61.058701336885406,-24.610476094136903,144.10912549251785
2015-03-18,209,85.48668663948959,5.853722101407356,167.84718798350696
2015-03-19,188,69.71149388251055,-12.51025260713856,152.33319460980476
2015-03-20,219,80.83565578828863,2.1257629734928427,159.37257457536532
2015-03-21,381,131.16385514194116,47.26299851055725,216.30051191039027
2015-03-22,158,84.1845335772405,1.9490772635330391,165.83592005078106
2015-03-23,12,53.98721708827542,-34.35833342046887,133.51998258082068
2015-03-24,8,49.21064895751179,-35.49004826456506,130.4280153066065
2015-03-25,10,70.82255573542572,-3.43973097268615,155.9488486629776
2015-03-26,88,52.66050297229003,-34.10671844358736,134.6997353716765
2015-03-27,196,61.875762558628196,-15.854009652341288,148.48009003748612
2015-03-28,206,110.81097457475714,21.546496900191563,193.01025975149344
2015-03-29,83,62.981013691648684,-18.763841817325346,146.3725924161618
2015-03-30,0,32.48981248596412,-49.63231260569095,119.46261105169309
2015-03-31,0,27.978242339387826,-50.09303225608778,109.76104798277748
2015-04-01,27,50.40388256531453,-33.07301791999786,133.79650001127555
2015-04-02,27,33.58213438936244,-52.8865066758229,120.69296004473975
2015-04-03,54,44.63059653918637,-38.682076636977236,128.8724929699762
2015-04-04,136,95.84747502389034,10.528392736208318,179.46128527907968
2015-04-05,55,50.69342223012279,-37.20109275585814,140.48541752815024
2015-04-06,22,23.209538010634574,-61.143467135413566,107.21233362887233
2015-04-07,30,21.96660958471788,-56.810652142676865,109.82138457320714
2015-04-08,30,47.84639326361015,-33.97073704927822,129.75545770671647
2015-04-09,30,34.58436374339369,-50.42356773437874,120.79102480820194
2015-04-10,44,49.215814099354176,-34.57121240896006,132.16458937874788
2015-04-11,39,103.95604362693547,16.975489617183964,181.95961950482774
2015-04-12,57,62.183991656028034,-18.941123224293964,152.17112145277997
2015-04-13,30,37.86201263799972,-49.548401094614746,124.86599416394817
2015-04-14,47,39.486832065247306,-40.247045572203405,117.17016040674761
2015-04-15,74,67.87244994437373,-12.326227403668048,154.06665774028139
2015-04-16,114,56.694382983749136,-21.75015559907589,135.79779744337668
2015-04-17,40,72.93709649637475,-9.748400029925007,161.267893820872
2015-04-18,62,128.7753341643719,42.55257218877357,214.9906695577479
2015-04-19,62,87.55867856417362,4.2461026562086355,168.9592032587036
2015-04-20,135,63.23201686950002,-27.383588840325164,142.52259308945466
2015-04-21,175,64.28693523223833,-19.425187800510564,142.88816676388748
2015-04-22,82,91.54479771934228,3.5459859707981924,174.44276405267775
2015-04-23,62,78.70089562823986,-5.033265613979708,160.4748228243045
2015-04-24,88,92.77151851964163,8.56746679308289,176.95477626332232
2015-04-25,152,145.9746611815302,60.925784310764854,232.26493369653687
2015-04-26,64,101.71371115929182,16.842362386460934,176.99667943509345
2015-04-27,67,73.99680847780023,-10.871530985884098,155.74769533523002
2015-04-28,73,71.3869234295889,-14.007924022907263,154.7167684065566
2015-04-29,130,94.78343541752874,11.059286584428113,177.92827735515445
2015-04-30,115,77.96462998649189,-6.25423278957917,162.77588219759573
2015-05-01,260,88.03300025270019,7.316463523604856,174.66035527921076
2015-05-02,228,137.30172355888513,51.62589906874646,220.0018033682214
2015-05-03,120,89.25360325351795,2.004681010046954,175.7095640915637
2015-05-04,31,57.981397139390836,-20.881007970373727,139.964081284395
2015-05-05,0,52.128430730328205,-32.94855076114807,137.54306523431933
2015-05-06,3,72.6684134202426,-13.759258625410444,154.3939317907296
2015-05-07,0,53.44629490444927,-37.041134936987774,135.15992734547945
2015-05-08,0,61.62208476375142,-24.490309770998497,147.4544348561413
2015-05-09,0,109.54842058344474,27.410019122589336,189.09032374286352
2015-05-10,0,60.75129841013857,-25.88445835463983,143.06884702638894
2015-05-11,1,29.346722799102672,-51.15459810423552,112.25107208929734
2015-05-12,0,23.98838291613354,-54.640497195239085,104.7488304026032
2015-05-13,1,45.64719185067301,-43.36740561875453,132.53501397399873
2015-05-14,1,28.152152737424935,-58.37323576668262,105.78358637851888
2015-05-15,1,38.63447557053531,-46.17298557677266,124.25110108587029
2015-05-16,0,89.40572458217825,0.4362742968430633,177.20055988208782
2015-05-17,0,43.9393981021591,-41.108627754911126,127.71310631360527
2015-05-18,0,16.28868008413037,-69.19183304285933,98.25614076914043
2015-05-19,1,15.035445906993267,-65.3969588634217,101.21312805093957
2015-05-20,0,41.07133044096417,-50.22954160542612,128.84261233252192
2015-05-21,0,28.140288169906924,-54.396277953584274,109.69541812484017
2015-05-22,0,43.28453152334172,-33.52019567994693,134.26668248460575
2015-05-23,0,98.72458651948756,15.873448640488283,175.94147006484525
2015-05-24,0,57.842824722979586,-21.074661511525193,146.8895622129652
2015-05-25,0,34.60316666498227,-49.242896630892965,119.02787265927182
2015-05-26,0,37.50199516855887,-42.72738031827736,127.76672680207366
2015-05-27,0,67.35104332837682,-22.254685069779036,145.6910880977946
2015-05-28,0,57.82164562697808,-27.786650975142198,146.52892542448174
2015-05-29,0,75.89219995303377,-9.448308389554581,167.56883362785607
2015-05-30,0,133.72954506530934,51.28948837940097,220.14974280782357
2015-05-31,0,94.67358262215379,9.757646986813974,180.21403607611688
2015-06-01,0,72.70356486325348,-16.022785586199905,154.9193032272313
2015-06-02,0,76.25231568969183,-10.109690759175283,157.11706450653037
2015-06-03,0,106.12664222379028,20.875946476359623,184.497738356714
2015-06-04,0,96.0058156407593,14.522789243387031,181.79974298002494
2015-06-05,168,112.88872282736843,24.695939900502207,199.4325455146602
2015-06-06,201,168.97465143857988,91.22214293088433,252.22859617918175
2015-06-07,147,127.64705261684628,44.94281451624201,212.74677991459205
2015-06-08,119,102.89297348861592,23.661100621832528,183.08075541056525
2015-06-09,122,103.25320665736012,20.779481292384016,192.19514868551337
2015-06-10,149,129.603941814322,52.153791225064396,218.21373001546942
2015-06-11,111,115.69933944474856,32.332337044098864,200.36667888164652
2015-06-12,95,128.61691625549673,46.78547150254853,208.62440566086747
2015-06-13,237,180.63649808611143,96.3500796276969,261.5987664445298
2015-06-14,110,135.22212875382132,53.103544546148086,215.04441726522975
2015-06-15,104,106.43967148792169,20.635344807484923,192.32991726232527
2015-06-16,61,102.90519395831593,19.032156669210288,182.22551810322696
2015-06-17,40,125.56496398226889,42.941076500089615,208.01935362443976
2015-06-18,114,108.23651497957201,21.823173099214113,197.7759459803498
2015-06-19,129,118.05270606456597,37.49181045322794,207.2480814792383
2015-06-20,111,167.33956309444642,85.85118620331693,246.39930694639276
2015-06-21,146,119.59731422604989,34.16315222750486,205.74645432874217
2015-06-22,57,88.91737566383257,6.223907148497547,174.85164530407337
2015-06-23,19,83.93039109726227,1.2762550317354635,167.62675296774745
2015-06-24,27,105.58615757239713,23.092617047734716,188.8698208606044
2015-06-25,62,87.69489557374345,5.129991825075769,170.63392970943573
2015-06-26,95,97.37178000907706,18.436256445610557,176.66121980936637
2015-06-27,183,146.9155035520768,57.544608373617436,231.12447361718438
2015-06-28,94,99.7902647630224,13.72727300541699,186.5068272958182
2015-06-29,116,70.04390982769456,-10.884282617593936,163.4359604648969
2015-06-30,63,66.25729957920848,-15.218186358013654,151.20149222153069
2015-07-01,147,89.33366830492179,5.059446346575891,173.3402360946946
2015-07-02,101,73.01754410630294,-12.066385564801033,156.84247485917305
2015-07-03,248,84.3648036870704,1.0250816701279055,161.1170413460017
2015-07-04,142,135.61489291583268,51.72882900575699,216.49439559454817
2015-07-05,186,90.17441186160109,6.326444907685944,170.36899978266925
2015-07-06,109,62.03678196794098,-23.847231145196293,144.60278889623456
2015-07-07,228,59.73302779851827,-23.64266335032002,138.13448094842605
2015-07-08,66,84.11443406567945,-0.30028484415596535,165.67320015754268
2015-07-09,182,68.89646460016957,-13.403261395687503,148.4159548905222
2015-07-10,1,81.10579159682176,-0.24790703418092563,164.12475817283465
2015-07-11,64,132.96114276081326,52.176061282521026,217.51015721904412
2015-07-12,118,87.85730112375283,-3.238951480267654,175.70671881224453
2015-07-13,55,59.784936375467986,-25.747139957199774,143.7169969221976
2015-07-14,43,57.281298311276686,-22.54963671539292,144.33946389345545
2015-07-15,95,81.21253804896755,-1.9910295991892202,171.04203552753899
2015-07-16,54,65.31705521869081,-18.68690050304173,150.0181345200547
2015-07-17,85,76.65173728141563,-6.9730868224063975,161.02557553204298
2015-07-18,92,127.47182218532002,44.397111058853795,213.31450151255527
2015-07-19,61,81.21374781864724,-1.2828607012673152,167.15599214364698
2015-07-20,111,51.91370011537493,-33.32160541951608,133.07990435249937
2015-07-21,7,48.15692681971714,-44.257774689647825,132.89206510655137
2015-07-22,4,70.85862138509997,-9.302385831760692,156.75243700720713
2015-07-23,66,53.80581537136372,-34.62467020453705,128.54109900770973
2015-07-24,95,64.10218590972406,-25.502196023519126,146.97498382126258
2015-07-25,190,114.0465490057891,27.483197760845595,198.63627541592456
2015-07-26,60,67.11443977685803,-21.023901032731615,151.35753126880118
2015-07-27,42,37.37552616701036,-48.10001630573694,121.89528966541796
2015-07-28,79,33.44195395439034,-55.01141229519354,124.61639594131597
2015-07-29,109,56.24845360935855,-27.635999286329852,142.80235974488883
2015-07-30,165,39.59473362037052,-41.83899362578347,122.16727658300428
2015-07-31,99,50.58675367211783,-33.36534053247849,130.7913464384034
2015-08-01,233,101.51831256092737,7.590308916870683,183.06561716888393
2015-08-02,16,55.8516979557023,-30.47975580691051,140.95748182526262
2015-08-03,2,27.635467609462744,-56.615713584894046,110.14082625043766
2015-08-04,5,25.453382987531263,-61.34224039824099,115.50150836225947
2015-08-05,22,50.20530848008683,-31.0640362022686,139.29367238524353
2015-08-06,8,35.649512218858504,-41.65142929343302,120.13158824532256
2015-08-07,65,48.84826177264191,-28.586827112918005,133.79911052071324
2015-08-08,157,102.04746166068776,25.65561175940092,183.67391277048216
2015-08-09,65,58.65970009111158,-24.223488066547386,147.22306351491022
2015-08-10,90,32.68340889612125,-55.06717181554858,117.44302107489432
2015-08-11,3,32.653184213799705,-50.37880468961021,118.96242311001626
2015-08-12,5,59.42204195778054,-25.359904786087213,140.9291759085914
2015-08-13,1,46.70500590887973,-35.81311357368622,131.3439300028659
2015-08-14,65,61.52588554639998,-17.41491177959049,150.4256145912013
2015-08-15,235,116.09795742007447,34.63175254697563,196.0079449333266
2015-08-16,76,73.80788829686848,-3.693974040085241,152.27829351714894
2015-08-17,2,48.63557964400511,-26.90273413503807,136.0400786628532
2015-08-18,101,49.10496205188482,-30.873444888311262,133.97676666069063
2015-08-19,162,76.06650066869834,-6.9823989773734665,153.05111262994618
2015-08-20,25,63.24080287097404,-22.729845532337908,145.99124871680917
2015-08-21,4,77.66518520188359,-4.920604896562458,168.2776526731628
2015-08-22,1,131.57391984348894,49.07545456227869,213.52122636954803
2015-08-23,75,88.3815116683492,0.04379986662005375,171.96600506754666
2015-08-24,32,62.10170425112916,-24.792394865491193,144.73908561678545
2015-08-25,76,61.29726772808422,-25.82499901130539,141.63859662163952
2015-08-26,6,86.86135865064094,2.236420688240485,172.9393011446468
2015-08-27,65,72.55987609830257,-9.901241607699307,156.08140694141582
2015-08-28,145,85.47670716293251,5.746294649181657,172.09420062248617
2015-08-29,78,137.89337440285095,58.01488944107821,221.16015746430676
2015-08-30,6,93.26870416185857,9.07558962505923,179.61710308963745
2015-08-31,0,65.65879537154304,-23.107475934440746,143.40857798647508
2015-09-01,126,63.664836944896706,-29.976065294815985,142.8435940783348
2015-09-02,240,88.2133703365113,14.350724855244371,168.07285253571794
2015-09-03,67,73.09769918606955,-12.812861909093028,162.65320001035215
2015-09-04,140,85.4223667712087,4.512557218455021,175.37937505305732
2015-09-05,208,137.48148216514429,51.66067508242034,217.970726406363
2015-09-06,76,92.74030198827268,16.2266748561853,181.03852531048534
2015-09-07,240,65.2528155629717,-18.9828179376933,148.29534857939427
2015-09-08,52,63.610427965014736,-20.46475121468678,149.38824148950667
2015-09-09,111,88.7225636622604,8.717750045833847,176.14055499338644
2015-09-10,176,74.35863754865844,-9.225139553694271,159.60961543479507
2015-09-11,84,87.59329832857644,6.756807810356935,170.1839250997359
2015-09-12,171,140.68570338128092,58.06104027083681,218.91461072165342
2015-09-13,102,97.06220481158783,16.45533491528477,175.39294879061492
2015-09-14,69,70.7351626539551,-14.118865254242579,155.8825882257039
2015-09-15,77,70.2529440956263,-17.852369470936527,155.1001931080935
2015-09-16,174,96.48189299507445,14.119437368055085,190.98898984516575
2015-09-17,69,83.14967637833759,-5.511365064593127,169.74782133546762
2015-09-18,52,97.2918721691878,11.19867534608466,187.47232645027654
2015-09-19,42,151.1325171628151,59.609886076553934,236.2455902369405
2015-09-20,1,108.06795656087515,20.428788019976317,194.09564976664143
2015-09-21,62,82.08667548559063,-2.8255273566030707,166.88822026940488
2015-09-22,88,81.7201396599412,0.7025794162732619,168.19680838609528
2015-09-23,60,107.82540266316147,27.608066638049262,196.92102988898597
2015-09-24,2,94.12886519179658,13.0314645757721,182.76367477259714
2015-09-25,3,107.67303559435535,20.555202550900024,194.5384403909485
2015-09-26,9,160.6970024640612,79.76386521407443,253.67847655365588
2015-09-27,142,116.61995942854166,32.97312405965163,201.21178112390936
2015-09-28,90,89.4669426725803,8.883566935856525,166.66714545928608
2015-09-29,20,87.7994507329142,5.995579870543266,165.81669101125144
2015-09-30,37,112.51646516926911,22.398179838627645,190.79025699093125
2015-10-01,86,97.39054225214586,12.629582452587478,175.65601394721438
2015-10-02,166,109.51322734833865,28.465349356941786,196.8378512302235
2015-10-03,391,161.17406515653192,75.2698269990438,243.56469706921536
2015-10-04,56,115.84258627369744,40.27350984541807,198.56375864887784
2015-10-05,64,87.5859995713045,4.795074535422784,170.942047246855
2015-10-06,35,85.01767527189045,-3.368977457429044,175.02537642880148
2015-10-07,40,109.07724095657267,26.486821502241728,191.69171369575866
2015-10-08,21,93.57174614464567,4.018836436874374,175.98512646614654
2015-10-09,42,105.61981842273477,17.521739903239983,185.94937260596322
2015-10-10,95,157.52959708500865,72.99910943201617,248.08811391587207
2015-10-11,85,112.77985901337215,31.491543719993192,198.3587555361713
2015-10-12,140,85.43709509693798,-1.068011862101635,170.46620337900805
2015-10-13,80,84.10364461334413,3.1613083923754592,169.06089081476634
2015-10-14,91,109.69772534897994,23.685878885917838,186.33832433653194
2015-10-15,65,95.99482313826235,17.991292755338744,174.74232495425272
2015-10-16,166,110.07236401261557,34.42171538536258,196.36667397443404
2015-10-17,137,164.1884472019111,93.320625746527,248.36048496207644
2015-10-18,174,121.76403815680804,41.239755942970774,206.32007828902573
2015-10-19,120,96.8013568161255,11.08587429320342,178.5251408831478
2015-10-20,93,97.83353846125141,13.761650494645453,182.66728264569485
2015-10-21,100,125.70636856699164,37.50447179351085,208.016045892111
2015-10-22,137,114.12151355535315,33.64088165572621,201.03358954333822
2015-10-23,241,130.0831245146747,44.56765353165975,216.82432579079222
2015-10-24,113,185.77854279897258,99.87171071560083,266.32358336652453
2015-10-25,257,144.56245542497052,67.47698495766537,232.69688904630107
2015-10-26,166,120.37718363943297,33.509236427671695,199.21998169676112
2015-10-27,162,121.70413090426985,30.286660586276454,210.7188279712376
2015-10-28,247,149.34718050250123,64.93979784881057,228.4757935643178
2015-10-29,70,136.97723021643088,54.04339229273306,213.4304443738898
2015-10-30,139,151.58007801230178,58.77194938479474,238.48179871535663
2015-10-31,195,205.337974721917,119.56784863257177,282.67022812964905
2015-11-01,206,161.61435215157357,78.29913439172485,241.88520335431537
2015-11-02,268,134.3743514034814,55.796214745419675,218.68925721519105
2015-11-03,59,132.13616504911727,46.14016991768969,213.89026821746256
2015-11-04,99,155.75394159191382,75.63192484907847,241.13386785770896
2015-11-05,63,138.96163339681755,55.3886135636087,219.01755865572258
2015-11-06,77,148.81963786381613,60.69597104940808,228.1333942605372
2015-11-07,232,197.59494780111908,113.50087333877693,280.01707687732755
2015-11-08,157,148.74416078239256,66.59670027413402,227.07977193395925
2015-11-09,107,116.3320476988816,33.75893007385173,197.93867284154416
2015-11-10,57,108.98073830055344,22.048238958622683,190.12114078857564
2015-11-11,95,127.65032179427868,42.27916068819601,210.54073157371317
2015-11-12,86,106.18029757260703,23.96997066876538,189.89613804327513
2015-11-13,102,111.73378271545275,24.44598156436449,195.83097149260882
2015-11-14,184,156.67525064415636,74.37755129436758,244.5776347436391
2015-11-15,138,104.55120926887403,22.841396447618862,185.5429309596151
2015-11-16,106,69.50657605529491,-11.69590571277223,150.76184918493016
2015-11-17,89,60.23186226500214,-28.987126522047426,147.34995882603724
2015-11-18,107,77.74201476440606,-9.389509809222673,159.49464441043926
2015-11-19,78,55.91639539790704,-25.141999548079333,143.83159781555884
2015-11-20,185,61.94184294102261,-21.75053844766704,147.29133278026765
2015-11-21,151,108.18962285519619,21.928691668944307,193.6483030099628
2015-11-22,97,58.19569568457907,-22.71646383980969,143.80232851581883
2015-11-23,76,26.077075082159908,-62.434238801617944,110.93131630243712
2015-11-24,140,20.479391964873173,-54.62512902817264,107.1507275562821
2015-11-25,137,42.3565079579699,-38.752401548924844,125.74599740792893
2015-11-26,84,25.51164350456905,-55.97609111965373,108.54663236448229
2015-11-27,0,37.042133116380896,-50.860352832062496,120.56962906482208
2015-11-28,7,89.21762491614422,4.366711263963231,169.58667075561084
2015-11-29,5,45.46302691065261,-40.93865598839457,130.01765035568698
2015-11-30,22,19.777012427952954,-56.34987264781075,109.9558629671221
2015-12-01,36,20.682104374991397,-65.71021199833218,108.18244986886417
2015-12-02,36,49.00693314338204,-38.293507561994915,130.7734800575646
2015-12-03,38,38.430073220144834,-43.82826785652815,126.70580808931658
2015-12-04,95,55.92731778300042,-28.331129097677923,139.08901374866892
2015-12-05,108,113.65310198809163,32.10290913109723,201.56302828895886
2015-12-06,70,74.92540472357184,-10.056049383843282,159.68078023368665
2015-12-07,78,53.646794586708296,-33.782333236523236,132.04160289204475
2015-12-08,77,58.256629683693774,-30.745641270912312,138.237550957122
2015-12-09,76,89.51514837342901,-1.2544097913916337,168.48761932147963
2015-12-10,59,81.04881366700091,2.2449002969210468,157.00201810988128
2015-12-11,42,99.79873573550327,19.63887997776173,185.35799571303735
2015-12-12,142,157.90285673735082,72.902176380487,245.07419214495653
2015-12-13,116,118.68121018208241,34.050470471046054,205.45434464339633
2015-12-14,57,96.05691237567267,7.109345064563624,181.5094395063441
2015-12-15,167,98.50789684237844,20.3355735839767,190.3860114387528
2015-12-16,154,126.85013959775785,42.13484389917711,204.74981240034407
2015-12-17,139,114.78175792075352,29.42728368549954,191.56396359932288
2015-12-18,192,129.3298356961114,47.280927347620356,212.2901809880632
2015-12-19,295,182.73069614410872,96.73542893424128,270.88127162652245
2015-12-20,311,138.41297786707145,54.31295498668927,217.55398153112128
2015-12-21,251,110.4162215276793,29.92742536431103,195.4323520317176
2015-12-22,377,107.34003270258003,21.729538209540333,190.75612335864093
2015-12-23,410,130.1246270215624,45.77414235511562,207.22611694109585
2015-12-24,161,112.59220070232755,31.70186804392429,201.66939728909352
2015-12-25,0,121.89104082390946,32.62291726461161,206.74026008099017
2015-12-26,212,170.37315683548542,80.91286303025487,252.27458164606432
2015-12-27,106,121.61598456086969,33.085943700291054,202.20478012706067
2015-12-28,100,89.71524212509306,-1.9005059043085002,174.5564458288055
2015-12-29,9,83.35542062667528,-1.2592272879615831,165.91020824361485
2015-12-30,0,103.54739426060505,17.1733982498911,179.73349904738234
2015-12-31,0,84.16831464740658,3.315060117648265,168.04606256119718
2016-01-01,0,92.40459795937204,4.449460363565263,177.413788869639
2016-01-02,3,140.62880908120678,53.147283473409416,225.71945274680078
2016-01-03,0,92.37987156990124,9.68742730940499,177.21428170671044
2016-01-04,0,61.77937139689288,-17.65988742442266,140.60280862724758
2016-01-05,3,57.47906724057203,-27.837410529155523,144.49758622579355
2016-01-06,3,80.44044625217137,-8.661803459061481,163.79067261994066
2016-01-07,0,64.47578618522968,-18.773492503081336,142.33900990791577
2016-01-08,2,76.69264071260422,-10.107474336476605,162.31961258393306
2016-01-09,0,129.37251667835392,42.33270971099628,211.68173842100015
2016-01-10,3,85.95313035974165,9.962133897764186,173.4423447545323
2016-01-11,0,60.44696383219078,-23.765018266483906,142.95202765494994
2016-01-12,103,61.39118322823552,-24.887984009476114,141.35858882623867
2016-01-13,164,89.62970393160528,6.306944694521242,177.56660011512986
2016-01-14,118,78.85680804615399,-2.554975769897828,165.05431927672387
2016-01-15,65,96.06417499617756,16.369319203378208,187.56455499566616
2016-01-16,24,153.4220388772723,71.11238689819628,234.7865676074964
2016-01-17,0,114.26380653680454,31.369073408516044,195.86772636327441
2016-01-18,1,92.50680757717463,9.326589120826217,179.38975900660822
2016-01-19,0,96.60419240966503,10.065651331201382,183.44274329513254
2016-01-20,1,127.32872293137314,47.114321986775614,216.84136667171038
2016-01-21,60,118.31782669420278,30.264292004781478,196.65156130137044
2016-01-22,103,136.52174763304782,53.483351560826314,218.427765415952
2016-01-23,263,194.0854863563659,108.3337337787397,280.7899904891702
2016-01-24,189,154.3338508968984,75.24952681267482,236.81164047914768
2016-01-25,197,131.19228372535508,49.94921474561579,218.04011370555799
2016-01-26,105,133.21422595187684,49.981768288940096,217.1581133598197
2016-01-27,129,161.13706069539643,77.55359561925272,248.7694722780525
2016-01-28,144,148.6534483888542,62.03892034978091,235.04364127825988
2016-01-29,173,162.78248598184751,84.85418221628196,250.66123108098841
2016-01-30,293,215.75012533146582,132.3706557115872,296.84824240425274
2016-01-31,219,170.9724644173599,85.10685719507984,254.15941111535045
2016-02-01,131,142.47461692698243,54.60226367592904,222.71825134442082
2016-02-02,184,138.84022200671052,52.710124747798226,227.77286486413482
2016-02-03,266,160.99239456370213,77.33963845267732,244.06305234924614
2016-02-04,98,142.73555161647346,55.015892102038926,223.1020582988608
2016-02-05,67,151.20001968394328,64.61896564118707,238.87996873733056
2016-02-06,85,198.72019380145792,117.94219893831504,281.7691197595
2016-02-07,78,148.81565057441262,68.7661554631598,233.27399907183505
2016-02-08,71,115.60796474364942,26.57701903066655,193.25947822474072
2016-02-09,113,107.76833172030395,27.446467729952765,187.2304385926477
2016-02-10,138,126.29683312122691,38.998425206633094,208.24780835515546
2016-02-11,98,105.06281272056334,26.48181206531686,189.43007333860936
2016-02-12,96,111.24829443465035,28.80922726731309,202.98563862729605
2016-02-13,190,157.2252338103461,76.09838737510762,240.72282154199118
2016-02-14,105,106.5360202375331,28.77062034439982,194.35306259761106
2016-02-15,25,73.30998790335899,-2.7411720631169616,162.02683338037312
2016-02-16,47,66.21104016275423,-17.772239716635312,150.09362004034426
2016-02-17,63,86.21722031123085,2.0457398238455795,168.25470005366265
2016-02-18,39,67.16168606080383,-19.513986295793437,150.45870293649807
2016-02-19,35,76.17700346145858,-3.2726403782389264,168.3239196394934
2016-02-20,77,125.57353052313837,43.50239870528918,210.59749840800947
2016-02-21,60,78.8212817198542,0.16440773692031807,165.73262533476273
2016-02-22,52,49.96800112643129,-32.11160452224533,132.99994529008555
2016-02-23,51,47.588515049373925,-38.5484736989254,127.088415188821
2016-02-24,37,72.56616049538988,-6.526472754432893,159.83472194587975
2016-02-25,42,58.63570808378837,-26.125468777533527,142.24846527022913
2016-02-26,89,72.82965518970417,-15.172324287065068,158.98073281508556
2016-02-27,217,127.35861915544682,45.60096221479518,209.28924634988462
2016-02-28,197,85.59518167398346,-2.6600880376676495,164.09012222405102
2016-02-29,81,61.49387312744689,-17.65539510687702,142.97211479037617
2016-03-01,58,63.542330624288944,-22.08674178630991,150.97334697223994
2016-03-02,120,92.54439150498416,9.600590486592672,169.58678578133348
2016-03-03,64,82.16450951946277,0.9780350156233925,166.36438196061772
2016-03-04,64,99.37534179235854,17.69451033405989,184.0732680235221
2016-03-05,76,156.33921295953309,71.17839338375036,244.31024772802013
2016-03-06,86,116.39278873096296,35.99950619679649,197.06886833907208
2016-03-07,98,93.46763373055354,16.579725237628377,172.89153307430843
2016-03-08,53,96.04167854066914,6.83604744415174,177.13249814883955
2016-03-09,38,124.92235413860499,37.95805195822964,201.03481676362256
2016-03-10,46,113.79078258467304,34.72025859602183,197.59594389476365
2016-03-11,45,129.6488788959754,45.20618277857731,210.14961714760582
2016-03-12,67,184.70008228738126,97.24521563582863,271.3396359329511
2016-03-13,52,142.33306554174814,53.135904641407286,227.30149249647042
2016-03-14,24,116.54111823606621,32.55134838414748,204.3465534450367
2016-03-15,51,115.87225355568272,36.43499023773346,199.92584664036775
2016-03-16,127,141.21082513327107,57.25069250239963,231.5176497829822
2016-03-17,75,126.32007389978295,39.60700108157546,203.2128099553838
2016-03-18,62,138.28749329448434,49.74865946285201,223.88494430838637
2016-03-19,128,189.403766059873,106.24422645774472,266.43163790217693
2016-03-20,138,143.1446574016599,59.51783095871926,228.38746919464944
2016-03-21,74,113.588596530078,23.986679401799,195.31428592885146
2016-03-22,73,109.3650322099279,21.67934144592182,197.10887436226574
2016-03-23,100,131.4343835439836,37.75863843616478,215.28247079084343
2016-03-24,71,113.62903903504838,28.612817540721803,197.7717934351945
2016-03-25,99,123.09732293530303,41.13907043206201,203.92390939832936
2016-03-26,102,172.1812098155716,83.31947225794828,253.79127441093587
2016-03-27,57,124.3971963380906,47.405015087187856,203.9019014109697
2016-03-28,23,93.85308248585079,11.101790382735887,175.39881678745832
2016-03-29,35,89.1957637442774,3.734953985904882,165.82135702992065
2016-03-30,59,111.39086664711154,26.81554300391956,194.7668502643909
2016-03-31,41,94.26368699823603,6.8835705412816806,178.03091505922214
2016-04-01,68,104.94335098999605,16.86843757246411,190.21352604971517
2016-04-02,84,155.74097625647832,69.95751086453805,234.31559763447476
2016-04-03,42,110.1312328994492,33.88698567909372,195.20249972248607
2016-04-04,95,82.17004289011814,-0.774001944898554,169.68253441324387
2016-04-05,85,80.44350082728505,2.3416125983589837,159.12801313322848
2016-04-06,102,105.848825631043,23.797251447772545,184.90349400666787
2016-04-07,111,92.13677574148241,12.392761202000274,174.8605956654416
2016-04-08,113,106.35741791440516,22.249019656407196,193.91371987324135
2016-04-09,208,160.7399936990606,78.96974003132698,249.95457586563583
2016-04-10,148,118.67624851112133,38.99588794957362,204.66995383243867
2016-04-11,123,94.13992508749394,3.867360151835935,176.98584128094373
2016-04-12,62,95.63746694012451,15.0581904870192,179.39849698786827
2016-04-13,129,123.9907040152765,30.50921929343175,196.13231847992105
2016-04-14,102,112.88091653044616,30.440115207360737,199.05934779376443
2016-04-15,110,129.29613199699583,48.70788749480248,209.64359442608725
2016-04-16,202,185.4123667071398,101.69554856611396,273.15683892159063
2016-04-17,144,144.57814674779152,59.206474493145826,236.72026899861532
2016-04-18,84,120.73498410663382,34.481362512215675,197.44197309119235
2016-04-19,127,122.36883146689847,38.38326415648843,202.1964896795853
2016-04-20,181,150.29327059264452,68.31246035757992,241.65944747301822
2016-04-21,268,138.19381809791346,56.975175823292304,227.96195354478718
2016-04-22,278,153.0751968738518,67.98056398354429,243.13220856751
2016-04-23,234,207.14228335882999,127.3335035187093,283.04831584881896
2016-04-24,133,163.7840703540074,82.43325660068915,247.49522387615426
2016-04-25,91,136.99333127904762,51.255355525557526,220.23622285978098
2016-04-26,83,135.31702532983772,52.55663271810206,220.94369615735033
2016-04-27,139,159.63821955953568,74.76928322529947,237.63586927873683
2016-04-28,113,143.71893764687954,62.57986387292732,221.9709067948106
2016-04-29,141,154.64581394550368,73.50185575871883,240.16901713474613
2016-04-30,228,204.70929704232887,118.82027325515007,286.3864074338626
2016-05-01,163,157.38577960690318,74.01600097608095,239.93679192252765
2016-05-02,0,126.7553797434503,42.93553947136578,218.7076762462596
2016-05-03,125,121.45045404054089,43.52864838602212,210.83299975591504
2016-05-04,180,142.43565958632752,59.872072022902415,227.54730195671934
2016-05-05,222,123.54901558210146,42.00833758118322,203.30916886377148
2016-05-06,243,131.94588271639543,45.53499989263881,215.89331211658617
2016-05-07,408,179.97664191027866,91.84590723579291,261.6923732456692
2016-05-08,181,131.167483548236,47.7095209729457,214.9922704140472
2016-05-09,176,99.63706290052667,18.36074803467863,185.52248465234746
2016-05-10,178,94.04412785457781,7.392845328360134,178.58242814415237
2016-05-11,310,115.36695696154133,26.969665078974206,193.64168458598525
2016-05-12,134,97.44407345763048,9.367090645149155,184.09309248098864
2016-05-13,132,107.41816235705824,23.90276993946318,187.92921601103612
2016-05-14,1,157.6139748071776,77.21008025676842,240.80304825474457
2016-05-15,0,111.51962693979905,31.112598870033292,196.6652610751308
2016-05-16,0,83.20403861738066,-4.829021786798616,168.59606236328023
2016-05-17,0,81.26560164333759,-5.022830046329543,158.4834752060106
2016-05-18,110,106.61289298808208,23.856323503349383,191.54806025257773
2016-05-19,81,93.0068708020453,13.832815561760157,177.4879456310389
2016-05-20,112,107.50644759333515,22.252217458650577,188.30719834537138
2016-05-21,186,162.34818794220936,87.66657434198011,245.02469483178882
2016-05-22,113,120.92949788386676,34.927055798833436,203.77667688332002
2016-05-23,86,97.22800889821966,15.777520106218644,181.33801187824955
2016-05-24,59,99.75220221693951,12.554981451976992,183.89069568543454
2016-05-25,94,129.3240447746506,50.47544317851396,218.44859757082935
2016-05-26,167,119.62303100252632,32.1829587509969,202.3042779656123
2016-05-27,244,137.6334829599257,45.601590212040186,218.56299333769448
2016-05-28,261,195.52581696516023,105.71472522965286,281.31251775384453
2016-05-29,187,156.6411082646643,79.41754972335968,244.68224777929206
2016-05-30,115,134.91162554882047,54.003016639999394,220.6377556093221
2016-05-31,139,138.81235512282728,56.63082087436743,221.62855783168504
2016-06-01,273,169.1442660048774,88.87466994036983,246.36761652275075
2016-06-02,235,159.5786964498588,80.62762737431753,242.8639987476985
2016-06-03,172,177.10470738398018,92.9118259263817,260.94158156008825
2016-06-04,323,233.91011077651967,151.21745248918648,317.781482893629
2016-06-05,336,193.3655112497924,110.52517476375844,280.5256417889104
2016-06-06,127,169.44404623745365,84.5851052656455,255.9560264423211
2016-06-07,137,170.6718644274742,91.40461368737623,258.9700061878146
2016-06-08,249,197.91011964453628,106.39551587115695,283.7747646371309
2016-06-09,201,184.89789188031665,99.46574814275783,272.3150567427219
2016-06-10,271,198.69791673985054,110.5395108056063,286.3829840476691
2016-06-11,512,251.5758708220982,167.05742226702122,332.8778772935442
2016-06-12,317,206.9825935567177,130.60074120478282,292.1207007159675
2016-06-13,224,178.9719747410967,95.56390797941083,270.17875651603316
2016-06-14,239,176.14959206363585,93.21306807940526,261.3775175332253
2016-06-15,377,199.45291985023803,116.63669945564182,282.38362872931566
2016-06-16,239,182.6925632549848,99.03833302398131,264.7930509963007
2016-06-17,243,192.99643907203216,108.42524737108644,280.35260898437633
2016-06-18,438,242.68768698881416,156.62706336718227,325.56640989676725
2016-06-19,334,195.26572361421017,111.8435675552854,279.2149846805632
2016-06-20,149,164.82319505264778,86.39024918852235,247.3137343441564
2016-06-21,32,159.99393290886016,77.0744103653597,246.83744881223086
2016-06-22,39,181.7327491171119,100.17436425306904,265.91815141965077
2016-06-23,42,163.856531208206,85.46766762792748,248.6869583593137
2016-06-24,64,173.48855963280235,90.0048207095544,257.60500410298465
2016-06-25,170,222.9368244801484,141.31876898412176,303.3897528267863
2016-06-26,132,175.67574069490146,89.1459585308324,255.95269926039953
2016-06-27,123,145.76399795196738,56.22609027680602,232.22629425369107
2016-06-28,78,141.79362459845484,56.17533107409295,222.7251966215148
2016-06-29,130,164.6710703964846,78.70600082807422,251.06839572666976
2016-06-30,141,148.15973463629143,62.41487034017663,228.39889779500996
2016-07-01,247,159.32582273488825,76.50564526778435,242.17290991627212
2016-07-02,322,210.41826769889795,127.3645991725066,289.70138579733543
2016-07-03,196,164.8520732129651,74.8746375395611,244.51510496876585
2016-07-04,172,136.62777188951077,56.74292465837703,213.5722436230605
2016-07-05,218,134.28203629731198,57.651508966427734,213.48105133506158
2016-07-06,216,158.67020762561205,77.83757843758987,239.09702179350583
2016-07-07,179,143.51013163036052,57.45771001617835,226.1741395640269
2016-07-08,32,155.82915196153837,68.84872385087789,238.25023919944664
2016-07-09,95,207.84496898759974,128.22416497153574,295.32520237400234
2016-07-10,78,162.94969810499276,80.39693969939029,243.4004846236607
2016-07-11,122,135.12980434384988,54.678909958793504,216.36596054122353
2016-07-12,164,132.9169406474347,50.46638590547972,218.03919961078037
2016-07-13,288,157.170451151499,70.65697544207995,239.4393318468735
2016-07-14,138,141.6209323688615,58.24972453306375,224.23320053686
2016-07-15,189,153.31671229506054,68.69653685271206,242.37842776968463
2016-07-16,321,204.50397184790364,121.74682381948371,287.9945883220762
2016-07-17,209,158.6098648234918,68.87800481490025,239.28024748678115
2016-07-18,161,129.66134066729765,51.63527255599595,212.4139445753708
2016-07-19,157,126.23472944556846,43.194140092652546,215.17786358083413
2016-07-20,283,149.23688599392068,65.78174549214927,234.93867444110148
2016-07-21,60,132.44732446106497,50.205486389392156,216.1596733938575
2016-07-22,98,142.9632431924988,58.49277255327997,227.50928155411012
2016-07-23,133,193.07820482109707,113.77777441778656,283.37512597558185
2016-07-24,130,146.26386762306305,61.63271851787994,223.10316379589625
2016-07-25,62,116.58751065523077,29.256302907139712,202.5702307153312
2016-07-26,97,112.66044757481052,27.420035906780164,198.45466855935499
2016-07-27,98,135.41815797863563,51.82444711943951,224.61386088874397
2016-07-28,108,118.66159481788276,31.176918232194716,203.24094026834908
2016-07-29,128,129.501589915736,44.36133822065533,217.08139614601384
2016-07-30,270,180.2371386919056,99.51791543898982,266.64674320822667
2016-07-31,183,134.33697011728856,47.974256361101965,219.33411270932478
